<?xml version="1.0" encoding="UTF-8"?>
<!DOCTYPE hibernate-configuration PUBLIC
        "-//Hibernate/Hibernate Configuration DTD 3.0//EN"
        "http://www.hibernate.org/dtd/hibernate-configuration-3.0.dtd">
<hibernate-configuration>
    <session-factory name="hrms">
        
 
         <!-- Database connection settings -->
        <property name="connection.driver_class">org.gjt.mm.mysql.Driver</property>
        <property name="connection.url">jdbc:mysql://localhost:3306/hrms</property>
        <property name="connection.username">root</property>
        <property name="connection.password">root123</property>
        
         <!-- SQL dialect -->
        <property name="dialect">org.hibernate.dialect.MySQLDialect</property>
        
 		<!-- Echo all executed SQL to stdout -->
        <property name="show_sql">true</property>
        
        
        <mapping class="edu.hrm.system.models.user.User" />
        <mapping class="edu.hrm.system.models.organization.Organization" />
        <mapping class="edu.hrm.system.models.job.Job" />
        <mapping class="edu.hrm.system.models.project.Project" />
        <mapping class="edu.hrm.system.models.activity.Activity" />
        <mapping class="edu.hrm.system.models.timesheet.Timesheet" />
        <mapping class="edu.hrm.system.models.timesheet.Timesheetitem" />
        <mapping class="edu.hrm.system.models.leave.Leave" />
        <mapping class="edu.hrm.system.models.leave.Leavetype" />
        <mapping class="edu.hrm.system.models.leave.Leavebalance" />
    </session-factory>
</hibernate-configuration>
